{
	"configs" : [
		{
			"remarks" : "Australia",
			"id" : "67661B5E6729B9BD133DE52C40DDC32C",
			"server" : "au.ultravpns.ml",
			"server_port" : 3543,
			"server_udp_port" : 0,
			"password" : "u362ocwSO8",
			"method" : "chacha20",
			"protocol" : "auth_sha1_v4",
			"protocolparam" : "",
			"obfs" : "http_simple",
			"obfsparam" : "",
			"remarks_base64" : "QXVzdHJhbGlh",
			"group" : "SSMilo",
			"enable" : true,
			"udp_over_tcp" : false
		}
	],
	"index" : 0,
	"random" : false,
	"sysProxyMode" : 2,
	"shareOverLan" : false,
	"localPort" : 1080,
	"localAuthPassword" : "NrnvxlF7ARw5_KSZtl7R",
	"dnsServer" : "",
	"reconnectTimes" : 2,
	"randomAlgorithm" : 3,
	"randomInGroup" : false,
	"TTL" : 0,
	"connectTimeout" : 5,
	"proxyRuleMode" : 0,
	"proxyEnable" : false,
	"pacDirectGoProxy" : false,
	"proxyType" : 0,
	"proxyHost" : null,
	"proxyPort" : 0,
	"proxyAuthUser" : null,
	"proxyAuthPass" : null,
	"proxyUserAgent" : null,
	"authUser" : null,
	"authPass" : null,
	"autoBan" : false,
	"sameHostForSameTarget" : false,
	"keepVisitTime" : 30,
	"isHideTips" : true,
	"nodeFeedAutoUpdate" : true,
	"serverSubscribes" : [

	],
	"token" : {

	},
	"portMap" : {

	}
}