{
	"configs" : [

	],
	"index" : 9,
	"random" : false,
	"sysProxyMode" : 1,
	"shareOverLan" : false,
	"localPort" : 1080,
	"localAuthPassword" : "NrnvxlF7ARw5_KSZtl7R",
	"dnsServer" : "",
	"reconnectTimes" : 2,
	"randomAlgorithm" : 3,
	"randomInGroup" : false,
	"TTL" : 0,
	"connectTimeout" : 5,
	"proxyRuleMode" : 0,
	"proxyEnable" : false,
	"pacDirectGoProxy" : false,
	"proxyType" : 0,
	"proxyHost" : null,
	"proxyPort" : 0,
	"proxyAuthUser" : null,
	"proxyAuthPass" : null,
	"proxyUserAgent" : null,
	"authUser" : null,
	"authPass" : null,
	"autoBan" : false,
	"sameHostForSameTarget" : false,
	"keepVisitTime" : 30,
	"isHideTips" : true,
	"nodeFeedAutoUpdate" : true,
	"serverSubscribes" : [
		{
			"URL" : "PUT YOUR SSMILO SUBSCRIPTION LINK HERE",
			"Group" : "SSMilo"
		}
	],
	"token" : {

	},
	"portMap" : {

	}
}