{
	"sgF1.ssrline.vip" : {
		"totalUploadBytes" : 13123151,
		"totalDownloadBytes" : 113842220
	},
	"krF1.ssrline.vip" : {
		"totalUploadBytes" : 9719103,
		"totalDownloadBytes" : 46422651
	},
	"sgF2.ssrline.vip" : {
		"totalUploadBytes" : 25056007,
		"totalDownloadBytes" : 2355220279
	},
	"jpF1.ssrline.vip" : {
		"totalUploadBytes" : 12450344,
		"totalDownloadBytes" : 245234022
	},
	"uaF1.ssrline.vip" : {
		"totalUploadBytes" : 10390,
		"totalDownloadBytes" : 127776
	},
	"sgf3.ssrline.vip" : {
		"totalUploadBytes" : 8594273,
		"totalDownloadBytes" : 29390286
	},
	"an.relaybit.top" : {
		"totalUploadBytes" : 44243,
		"totalDownloadBytes" : 338821
	},
	"uaf1.ssrline.vip" : {
		"totalUploadBytes" : 49789931,
		"totalDownloadBytes" : 1306179248
	},
	"krf1.ssrline.vip" : {
		"totalUploadBytes" : 8340928,
		"totalDownloadBytes" : 195709979
	},
	"sgf1.ssrline.vip" : {
		"totalUploadBytes" : 9094768,
		"totalDownloadBytes" : 50089542
	},
	"laf1.ssrline.vip" : {
		"totalUploadBytes" : 10450,
		"totalDownloadBytes" : 87120
	},
	"jpf1.ssrline.vip" : {
		"totalUploadBytes" : 2992178,
		"totalDownloadBytes" : 9290192
	},
	"sgf2.ssrline.vip" : {
		"totalUploadBytes" : 2924890,
		"totalDownloadBytes" : 9840019
	},
	"sjf1.ssrline.vip" : {
		"totalUploadBytes" : 4516827,
		"totalDownloadBytes" : 13504291
	},
	"13.231.97.18" : {
		"totalUploadBytes" : 34766,
		"totalDownloadBytes" : 1125223
	},
	"cn.hnytkm.com" : {
		"totalUploadBytes" : 1827,
		"totalDownloadBytes" : 1054
	}
}